-- Script per creare le tabelle e importare i dati dal database remoto al database locale

-- Elimina le tabelle se esistono
DROP TABLE IF EXISTS "public"."quiz_questions";
DROP TABLE IF EXISTS "public"."quiz_templates";
DROP TABLE IF EXISTS "public"."questions";
DROP TABLE IF EXISTS "public"."quiz_types";
DROP TABLE IF EXISTS "public"."subscriptions";

-- Crea la tabella quiz_types
CREATE TABLE IF NOT EXISTS "public"."quiz_types" (
    "id" uuid PRIMARY KEY,
    "name" text NOT NULL,
    "description" text,
    "created_at" timestamp with time zone DEFAULT now()
);

-- Crea la tabella questions
CREATE TABLE IF NOT EXISTS "public"."questions" (
    "id" uuid PRIMARY KEY,
    "question_text" text NOT NULL,
    "options" jsonb NOT NULL,
    "correct_answer" text NOT NULL,
    "explanation" text,
    "image_url" text,
    "created_at" timestamp with time zone DEFAULT now()
);

-- Crea la tabella quiz_templates
CREATE TABLE IF NOT EXISTS "public"."quiz_templates" (
    "id" uuid PRIMARY KEY,
    "title" text NOT NULL,
    "description" text,
    "category" text,
    "difficulty" text,
    "time_limit" integer,
    "passing_score" integer,
    "created_at" timestamp with time zone DEFAULT now(),
    "quiz_type_id" uuid REFERENCES "public"."quiz_types"("id")
);

-- Crea la tabella quiz_questions
CREATE TABLE IF NOT EXISTS "public"."quiz_questions" (
    "id" uuid PRIMARY KEY,
    "quiz_id" uuid REFERENCES "public"."quiz_templates"("id"),
    "question_text" text NOT NULL,
    "options" jsonb NOT NULL,
    "correct_answer" text NOT NULL,
    "explanation" text,
    "image_url" text,
    "created_at" timestamp with time zone DEFAULT now()
);

-- Crea la tabella subscriptions
CREATE TABLE IF NOT EXISTS "public"."subscriptions" (
    "id" uuid PRIMARY KEY,
    "user_id" uuid NOT NULL,
    "plan_id" text NOT NULL,
    "status" text NOT NULL,
    "start_date" timestamp with time zone,
    "end_date" timestamp with time zone,
    "created_at" timestamp with time zone DEFAULT now()
);

-- Inserisci i dati nella tabella quiz_types
INSERT INTO "public"."quiz_types" ("id", "name", "description", "created_at") VALUES
('ec6aff76-cdc9-4ae5-abdc-110cb3c59bb7', 'Patente Nautica', 'Quiz per la preparazione all''esame della patente nautica', '2023-10-12T14:30:00Z'),
('f8c4a3d2-b7e1-5f9a-8c6d-2e3b4a5c6d7e', 'Corso Base', 'Quiz per il corso base di navigazione', '2023-10-15T10:15:00Z');

-- Inserisci i dati nella tabella questions
-- Nota: questi dati sono stati recuperati dal backup e potrebbero richiedere adattamenti
-- Inserisci qui i dati dalla tabella questions.json

-- Inserisci i dati nella tabella quiz_templates
-- Nota: questi dati sono stati recuperati dal backup e potrebbero richiedere adattamenti
-- Inserisci qui i dati dalla tabella quiz_templates.json

-- Inserisci i dati nella tabella quiz_questions
-- Nota: questi dati sono stati recuperati dal backup e potrebbero richiedere adattamenti
-- Inserisci qui i dati dalla tabella quiz_questions.json

-- Inserisci i dati nella tabella subscriptions
-- Nota: questi dati sono stati recuperati dal backup e potrebbero richiedere adattamenti
-- Inserisci qui i dati dalla tabella subscriptions.json -- Script generato automaticamente per l'inserimento dei dati

-- Inserimento dati nella tabella quiz_types
INSERT INTO "public"."quiz_types" ("id", "name", "description", "created_at") VALUES ('ec6aff76-cdc9-4ae5-abdc-110cb3c59bb7', 'Modulo di Apprendimento', 'Quiz formativi su argomenti specifici con durata flessibile', '2025-01-16T16:29:37.118059+00:00');
INSERT INTO "public"."quiz_types" ("id", "name", "description", "created_at") VALUES ('f7d87e26-0163-46ae-b235-5f635f4c1a8d', 'Esame Standardizzato', 'Quiz di simulazione esame patente nautica con 20 domande e tempo limite di 30 minuti', '2025-01-16T16:29:37.118059+00:00');

-- Inserimento dati nella tabella questions
INSERT INTO "public"."questions" ("id", "quiz_id", "text", "options", "correct_answer", "time_limit", "created_at") VALUES ('7584423c-8625-4d1d-88b4-7249f2ec87bf', '90a71190-12d9-43cd-9315-b80e03447d94', 'What is the front of a boat called?', '["Bow","Stern","Port","Starboard"]'::jsonb, 0, 30, '2025-01-16T14:35:57.005211+00:00');
INSERT INTO "public"."questions" ("id", "quiz_id", "text", "options", "correct_answer", "time_limit", "created_at") VALUES ('e0bc4a51-d639-49c1-99b0-235d5d278fe6', '90a71190-12d9-43cd-9315-b80e03447d94', 'Which side of a boat is ''starboard''?', '["Left","Right","Front","Back"]'::jsonb, 1, 30, '2025-01-16T14:35:57.005211+00:00');
INSERT INTO "public"."questions" ("id", "quiz_id", "text", "options", "correct_answer", "time_limit", "created_at") VALUES ('6d0d0399-82c8-43c3-99ed-4fc3dddb1633', '5207f746-bf87-46d0-ad7c-7b578aa296bb', 'What color is the port navigation light?', '["Green","White","Red","Blue"]'::jsonb, 2, 25, '2025-01-16T14:35:57.005211+00:00');
INSERT INTO "public"."questions" ("id", "quiz_id", "text", "options", "correct_answer", "time_limit", "created_at") VALUES ('926ddd57-fba7-4799-b8e1-def648501cd8', '36fba1e9-c62e-4d24-8889-63f991ffdbe7', 'What weather condition is indicated by a rapidly falling barometer?', '["Approaching storm","Clear skies","Stable conditions"]'::jsonb, 0, 30, '2025-01-16T14:37:09.025449+00:00');
INSERT INTO "public"."questions" ("id", "quiz_id", "text", "options", "correct_answer", "time_limit", "created_at") VALUES ('c20b3bc2-c98f-4718-aebf-3b74f14377d1', '36fba1e9-c62e-4d24-8889-63f991ffdbe7', 'Which instrument is used to measure wind speed?', '["Anemometer","Barometer","Hygrometer"]'::jsonb, 0, 30, '2025-01-16T14:37:09.025449+00:00');
INSERT INTO "public"."questions" ("id", "quiz_id", "text", "options", "correct_answer", "time_limit", "created_at") VALUES ('9851f15d-6006-49a2-bf33-397533e6c370', '36fba1e9-c62e-4d24-8889-63f991ffdbe7', 'What is the primary purpose of a nautical almanac?', '["Celestial navigation","Weather forecasting","Tide prediction"]'::jsonb, 0, 30, '2025-01-16T14:37:09.025449+00:00');

-- Inserimento dati nella tabella quiz_templates
INSERT INTO "public"."quiz_templates" ("id", "title", "description", "quiz_type", "category", "question_count", "duration_minutes", "icon", "icon_color", "created_at", "quiz_format", "visibility", "created_by", "quiz_code", "code_generated_at") VALUES ('115705ec-74a1-4d4b-9b01-1672d36e1f8a', '1b - Teoria dello Scafo', '1B - Effetti evolutivi dell''elica e del timone. 
Carena. Elementi di stabilità dell''unità', 'learning', 'Scafo', 50, 60, 'ship', 'blue', '2025-01-19T17:48:06.868653+00:00', NULL, NULL, 'marcosrenatobruno@gmail.com', '7ALY1HI5', '2025-02-22T23:13:53.748819+00:00');
INSERT INTO "public"."quiz_templates" ("id", "title", "description", "quiz_type", "category", "question_count", "duration_minutes", "icon", "icon_color", "created_at", "quiz_format", "visibility", "created_by", "quiz_code", "code_generated_at") VALUES ('18228cd1-a6d3-4fb9-805f-f61f7e563c91', 'Quiz 33', 'sdfsff', 'interactive', NULL, 5, 15, 'shield', 'blue', '2025-02-09T00:59:31.943494+00:00', 'multiple_choice', 'private', 'marcosrenatobruno@gmail.com', 'GQ8LNGKA', '2025-02-22T23:13:53.748819+00:00');
INSERT INTO "public"."quiz_templates" ("id", "title", "description", "quiz_type", "category", "question_count", "duration_minutes", "icon", "icon_color", "created_at", "quiz_format", "visibility", "created_by", "quiz_code", "code_generated_at") VALUES ('3fed7241-a873-4973-a107-747e8e3e6ef6', '8b - Normativa', '8b - Doveri e responsabilità del comandante, documenti da tenere a bordo, elementi sulla disciplina delle attività balneari, dello sci nautico e della pesca sportiva e subacquea ', 'learning', 'Normativa', 142, 180, 'book', 'purple', '2025-01-20T06:10:13.724054+00:00', NULL, NULL, 'marcosrenatobruno@gmail.com', '8DOIER8E', '2025-02-22T23:13:53.748819+00:00');
INSERT INTO "public"."quiz_templates" ("id", "title", "description", "quiz_type", "category", "question_count", "duration_minutes", "icon", "icon_color", "created_at", "quiz_format", "visibility", "created_by", "quiz_code", "code_generated_at") VALUES ('41a243d1-9e13-4687-9b42-84a310eb1e92', 'Quiz tes1', 'asdasd', 'exam', 'Test', 20, 30, 'shield', 'green', '2025-02-07T08:52:54.179089+00:00', NULL, NULL, 'marcosrenatobruno@gmail.com', 'VKLF2FXW', '2025-02-22T23:13:53.748819+00:00');
INSERT INTO "public"."quiz_templates" ("id", "title", "description", "quiz_type", "category", "question_count", "duration_minutes", "icon", "icon_color", "created_at", "quiz_format", "visibility", "created_by", "quiz_code", "code_generated_at") VALUES ('5633824c-9268-4d24-9060-15b32e36e216', '2 - Elementi di funzionamento dei sistemi d propulsione a motore', 'Elementi di funzionamento dei sistemi d propulsione a motore. Irregolarità e piccole avarie che possono prevedere un intervento non specialistico. Calcolo dell''autonomia in relazione alla potenza del motore e dalla quantità residua di carburante.', 'learning', 'Motore', 104, 60, 'wrench', 'yellow', '2025-01-19T17:51:58.521989+00:00', NULL, NULL, 'marcosrenatobruno@gmail.com', 'SSMB33MP', '2025-02-22T23:13:53.748819+00:00');
INSERT INTO "public"."quiz_templates" ("id", "title", "description", "quiz_type", "category", "question_count", "duration_minutes", "icon", "icon_color", "created_at", "quiz_format", "visibility", "created_by", "quiz_code", "code_generated_at") VALUES ('71d092db-1a37-4b05-8201-f1e4be4b88f7', 'Quiz testb', 'ewewe', 'exam', NULL, 20, 30, 'cloud-sun', 'blue', '2025-01-22T00:48:53.000171+00:00', NULL, NULL, 'marcosrenatobruno@gmail.com', 'KA9GZGOP', '2025-02-22T23:13:53.748819+00:00');
INSERT INTO "public"."quiz_templates" ("id", "title", "description", "quiz_type", "category", "question_count", "duration_minutes", "icon", "icon_color", "created_at", "quiz_format", "visibility", "created_by", "quiz_code", "code_generated_at") VALUES ('96fa1af7-eadc-422d-b98a-50d2bce8a997', '3a - Sicurezza nella Navigazione', '3a- Uso degli estintori. Rischi derivanti dalla conduzione dell''unità sotto l''influenza dell''alcol o in stato di alterazione psico-fisica per uso di sostanze stupefacenti o psicotrope     ', 'learning', 'Sicurezza', 43, 60, 'navigation', 'teal', '2025-01-21T09:42:26.569842+00:00', NULL, NULL, 'marcosrenatobruno@gmail.com', 'WRT74PEI', '2025-02-22T23:13:53.748819+00:00');
INSERT INTO "public"."quiz_templates" ("id", "title", "description", "quiz_type", "category", "question_count", "duration_minutes", "icon", "icon_color", "created_at", "quiz_format", "visibility", "created_by", "quiz_code", "code_generated_at") VALUES ('c7a36271-9049-4f0b-85a7-624b2463ed7b', 'Quiz per testare quiz', 'Prova', 'learning', 'Test', 2, 1, 'compass', 'blue', '2025-01-27T13:30:13.844962+00:00', NULL, 'public', 'marcosrenatobruno@gmail.com', 'ADF1J2L4', '2025-02-22T23:13:53.748819+00:00');
INSERT INTO "public"."quiz_templates" ("id", "title", "description", "quiz_type", "category", "question_count", "duration_minutes", "icon", "icon_color", "created_at", "quiz_format", "visibility", "created_by", "quiz_code", "code_generated_at") VALUES ('cca48478-fa9d-425c-8b64-c6c6330e11f7', '1a - Teoria dello Scafo', '1a - Parti principali dello scafo', 'learning', 'Scafo', 75, 60, 'ship', 'blue', '2025-01-18T01:50:17.347436+00:00', NULL, NULL, 'marcosrenatobruno@gmail.com', '2U1EA5AN', '2025-02-22T23:13:53.748819+00:00');
INSERT INTO "public"."quiz_templates" ("id", "title", "description", "quiz_type", "category", "question_count", "duration_minutes", "icon", "icon_color", "created_at", "quiz_format", "visibility", "created_by", "quiz_code", "code_generated_at") VALUES ('d0bfa54e-3dbe-49f9-a25c-7c1d029ecc22', '8a - Normativa', '8a - Leggi e regolamenti ', 'learning', 'Normativa', 42, 60, 'book', 'purple', '2025-01-20T05:24:05.918983+00:00', NULL, NULL, 'marcosrenatobruno@gmail.com', 'SKX5X5VJ', '2025-02-22T23:13:53.748819+00:00');
INSERT INTO "public"."quiz_templates" ("id", "title", "description", "quiz_type", "category", "question_count", "duration_minutes", "icon", "icon_color", "created_at", "quiz_format", "visibility", "created_by", "quiz_code", "code_generated_at") VALUES ('dcd23523-680e-4190-b2f7-f9d6111dc077', '4b - Manovra e Condotta', '4b - Ormeggio, disormeggio, ancoraggio', 'learning', 'Vela', 75, 60, 'ship', 'pink', '2025-01-21T10:12:02.069129+00:00', NULL, 'public', 'marcosrenatobruno@gmail.com', 'TLJJXMEE', '2025-02-22T23:13:53.748819+00:00');
INSERT INTO "public"."quiz_templates" ("id", "title", "description", "quiz_type", "category", "question_count", "duration_minutes", "icon", "icon_color", "created_at", "quiz_format", "visibility", "created_by", "quiz_code", "code_generated_at") VALUES ('f8286742-7cfb-4b4b-b8a3-a72d6c26b859', '4a - Manovra e Condotta', '4a - Precauzioni all''ingresso e all''uscita dei porti. Navigazione in prossimità della costa e delle altre attività (nuoto, sci nautico, pesca subacquea ecc.). Velocità consentite    ', 'learning', 'Vela', 53, 60, 'ship', 'pink', '2025-01-21T09:55:41.646764+00:00', NULL, 'public', 'marcosrenatobruno@gmail.com', '7D000PJI', '2025-02-22T23:13:53.748819+00:00');

-- Inserimento dati nella tabella quiz_questions
INSERT INTO "public"."quiz_questions" ("id", "quiz_id", "question_text", "options", "correct_answer", "explanation", "image_url", "created_at") VALUES ('0042049b-b7fd-4d9c-8bf4-bd829f023438', '3fed7241-a873-4973-a107-747e8e3e6ef6', 'Un natante marcato "CE", quante persone può trasportare?', '["dipende dall''ordinanza disciplinante l''utilizzazione dei natanti da diporto.","quelle indicate nella dichiarazione di potenza del motore per natanti da diporto.","quelle indicate nel certificato di omologazione."]'::jsonb, 0, 'L’omologazione (categoria di progettazione) fissa il numero max persone (Direttiva 2013/53/UE).', NULL, '2025-01-20T06:27:57.920553+00:00');
INSERT INTO "public"."quiz_questions" ("id", "quiz_id", "question_text", "options", "correct_answer", "explanation", "image_url", "created_at") VALUES ('00f84629-ab42-4a1c-9628-646f505b6fad', '3fed7241-a873-4973-a107-747e8e3e6ef6', 'Il pescatore sportivo giornalmente non può catturare:', '["pesci, molluschi e crostacei in quantità superiore a 8 kg complessivi salvo il caso di pesce singolo di peso superiore e non può catturare giornalmente più di due esemplari di cernia.","molluschi e crostacei in quantità superiore a 10 kg.","pesci, molluschi e crostacei in quantità superiore a 5 kg complessivi salvo il caso di pesce singolo di peso superiore e non può catturare giornalmente più di un esemplare di cernia."]'::jsonb, 2, 'DM 6/12/2010: max 5 kg a persona (salvo esemplare singolo più grande) e 1 cernia al giorno.', NULL, '2025-01-20T06:27:57.920553+00:00');
INSERT INTO "public"."quiz_questions" ("id", "quiz_id", "question_text", "options", "correct_answer", "explanation", "image_url", "created_at") VALUES ('0171de80-f3c2-40b8-87b8-688073594926', 'd0bfa54e-3dbe-49f9-a25c-7c1d029ecc22', 'Per le imbarcazioni da diporto, il nome:', '["è imposto, qualora non vi provveda il proprietario entro un certo termine fissato dall''Autorità marittima.","non è obbligatorio.","è obbligatorio."]'::jsonb, 1, 'Il D.Lgs. 171/2005 non rende obbligatoria l''assegnazione di un nome all''imbarcazione da diporto, a differenza delle navi maggiori.', NULL, '2025-01-20T06:19:14.464733+00:00');
INSERT INTO "public"."quiz_questions" ("id", "quiz_id", "question_text", "options", "correct_answer", "explanation", "image_url", "created_at") VALUES ('01d754f7-d17a-495a-bb67-ae71ba5a78e9', 'cca48478-fa9d-425c-8b64-c6c6330e11f7', 'Quale funzione svolge la sentina di un''unità navale?', '["Contenere il carburante","Contenere le acque sporche e i residui liquidi","contenere le acque dolci"]'::jsonb, 1, 'La sentina serve a contenere le acque sporche e i residui liquidi', NULL, '2025-01-19T23:17:00.004178+00:00');
INSERT INTO "public"."quiz_questions" ("id", "quiz_id", "question_text", "options", "correct_answer", "explanation", "image_url", "created_at") VALUES ('020aeb9f-739e-4b88-bf56-fa4ac77b0fca', 'cca48478-fa9d-425c-8b64-c6c6330e11f7', 'La parte strutturale della poppa, alla quale si incardina il timone, se esterno, è:', '["il dritto di poppa","la losca del timone","il ginocchio di poppa"]'::jsonb, 2, 'La parte strutturale della poppa alla quale si incardina il timone è il ginocchio di poppa', NULL, '2025-01-19T23:17:00.004178+00:00');
INSERT INTO "public"."quiz_questions" ("id", "quiz_id", "question_text", "options", "correct_answer", "explanation", "image_url", "created_at") VALUES ('022d92bd-cc77-429c-886d-496d294184e8', '115705ec-74a1-4d4b-9b01-1672d36e1f8a', 'In navigazione a motore, dov''è ubicato, rispetto al centronave, l''asse di rotazione intorno al quale l''unità accosta?', '["verso prua.","verso poppa.","al centro."]'::jsonb, 0, '', NULL, '2025-01-19T23:19:06.131061+00:00');
INSERT INTO "public"."quiz_questions" ("id", "quiz_id", "question_text", "options", "correct_answer", "explanation", "image_url", "created_at") VALUES ('034096ea-c6bc-4e75-a3e6-784a9d145d98', 'd0bfa54e-3dbe-49f9-a25c-7c1d029ecc22', 'Il comandante di un''unità navale che omette di prestare assistenza ovvero tentare il salvataggio nei casi in cui ne ha l''obbligo a norma del Codice della Navigazione:', '["è punito con la reclusione fino a 2 anni.","è punito con la sanzione pecuniaria di euro 10.000.","è punito con il ritiro della patente nautica."]'::jsonb, 0, 'L''art. 1158 del Codice della Navigazione prevede sanzioni penali (fino a 2 anni di reclusione) per l''omessa assistenza in mare.', NULL, '2025-01-20T06:19:14.464733+00:00');
INSERT INTO "public"."quiz_questions" ("id", "quiz_id", "question_text", "options", "correct_answer", "explanation", "image_url", "created_at") VALUES ('04789ae8-7596-4218-8a85-5eef45f02ea8', 'dcd23523-680e-4190-b2f7-f9d6111dc077', 'Il ferro a grappino è:', '["un gancio per le vele.","un tipo di ancora di emergenza.","un ancorotto per piccole imbarcazioni."]'::jsonb, 2, 'Il ferro a grappino è un tipo di ancorotto utilizzato prevalentemente per piccole imbarcazioni. Grazie alla sua struttura leggera e compatta, è ideale per fondali rocciosi o per situazioni in cui non è necessario un ancoraggio permanente. È comunemente usato su gommoni, piccole barche a motore o come ancora di supporto.', NULL, '2025-02-22T23:03:41.807216+00:00');
INSERT INTO "public"."quiz_questions" ("id", "quiz_id", "question_text", "options", "correct_answer", "explanation", "image_url", "created_at") VALUES ('047924f8-9184-4c50-a665-fafd883439c6', 'dcd23523-680e-4190-b2f7-f9d6111dc077', 'Quale vantaggio offre l''ancoraggio mediante due ancore afforcate?', '["velocizzare la manovra di ancoraggio dell''unità rispetto all''ancoraggio con una sola ancora.","garantire l''ancoraggio di un''unità anche su fondali particolarmente rocciosi.","ridurre il campo di giro dell''unità che così assume una configurazione ellittica a differenza dell''ancoraggio a ruota."]'::jsonb, 2, 'Afforcare due ancore a 30-45° riduce il raggio di giro (cfr. letteratura su ormeggio).', NULL, '2025-02-22T23:03:41.807216+00:00');
INSERT INTO "public"."quiz_questions" ("id", "quiz_id", "question_text", "options", "correct_answer", "explanation", "image_url", "created_at") VALUES ('05987a49-4718-47ce-b899-b99f3a775483', '3fed7241-a873-4973-a107-747e8e3e6ef6', 'L''obbligo dell''assicurazione sulla responsabilità civile ricade:', '["sui motori di potenza superiore a 10 Cv.","sui motori di potenza superiore a 40,8 Cv.","su qualsiasi motore marino, amovibile e non, indipendentemente dalla potenza."]'::jsonb, 2, 'Il Codice delle Assicurazioni (D.Lgs. 209/2005) impone la RC per qualsiasi motore marino.', NULL, '2025-01-20T06:27:57.920553+00:00');
INSERT INTO "public"."quiz_questions" ("id", "quiz_id", "question_text", "options", "correct_answer", "explanation", "image_url", "created_at") VALUES ('062cdddc-acea-4904-bce3-b1f71d46384e', 'cca48478-fa9d-425c-8b64-c6c6330e11f7', 'Quale affermazione, tra le seguenti, è corretta:', '["l''insieme di draglie e candelieri costituisce la battagliola a protezione del camminamento per il passaggio tra poppa e prora","la stazza esprime la larghezza totale della scafo","l''opera viva è la parte emersa dello scafo"]'::jsonb, 0, 'L''insieme di draglie e candelieri costituisce la battagliola a protezione del camminamento per il passaggio tra poppa e prora', NULL, '2025-01-19T23:17:00.004178+00:00');
INSERT INTO "public"."quiz_questions" ("id", "quiz_id", "question_text", "options", "correct_answer", "explanation", "image_url", "created_at") VALUES ('065a3118-e64f-444d-9af7-00a7e98ccc7d', 'f8286742-7cfb-4b4b-b8a3-a72d6c26b859', 'Se durante la navigazione si rileva che sulla propria rotta è in corso di svolgimento una manifestazione sportiva in un campo di regata; fermo restando le prescrizioni impartite con l''ordinanza di polizia marittima, per proseguire la navigazione sono adottate le seguenti precauzioni:', '["attraversare il campo di regata non appena le unità in gara si siano spostate in altro settore della zona di regata.","comunicare sul canale 16 VHF l''intenzione di attraversare il campo di gara e attendere istruzioni.","modificare il proprio percorso di rotta per mantenersi a debita distanza dai limiti del campo di gara."]'::jsonb, 2, 'Regola di buona condotta: evitare di attraversare il campo gara, aggirarlo.', NULL, '2025-02-23T07:30:52.465544+00:00');
INSERT INTO "public"."quiz_questions" ("id", "quiz_id", "question_text", "options", "correct_answer", "explanation", "image_url", "created_at") VALUES ('066199ab-5fab-4c70-a665-14c028f5cc69', '3fed7241-a873-4973-a107-747e8e3e6ef6', 'Avuto riguardo alla disciplina della pesca subacquea, quale tra queste affermazioni è corretta?', '["il subacqueo ha la facoltà di decidere quando tenere armato il fucile subacqueo prima dell''immersione.","è consentito tenere il fucile subacqueo in posizione di armamento anche se non in immersione.","è vietato tenere il fucile subacqueo in posizione di armamento se non in immersione."]'::jsonb, 2, 'Il fucile può essere armato solo in immersione (DPR 1639/1968, DM 1/07/1998).', NULL, '2025-01-20T06:27:57.920553+00:00');
INSERT INTO "public"."quiz_questions" ("id", "quiz_id", "question_text", "options", "correct_answer", "explanation", "image_url", "created_at") VALUES ('06d4a6e0-8cf5-4572-967a-b49eebb2d3b1', 'cca48478-fa9d-425c-8b64-c6c6330e11f7', 'Cos''è il ponte di coperta?', '["il ponte che si estende longitudinalmente e trasversalmente, in modo continuo, racchiudendo interamente lo scafo","la superficie orizzontale atta a ricoprire la parte più alta dell''unità","la struttura che ricopre le cabine"]'::jsonb, 0, 'Il ponte di coperta è il ponte che si estende longitudinalmente e trasversalmente, racchiudendo interamente lo scafo', NULL, '2025-01-19T23:17:00.004178+00:00');
INSERT INTO "public"."quiz_questions" ("id", "quiz_id", "question_text", "options", "correct_answer", "explanation", "image_url", "created_at") VALUES ('09770254-a9f6-4fb0-8a68-7c7044ee0ad7', '3fed7241-a873-4973-a107-747e8e3e6ef6', 'Le lenze fisse consentite nell''ambito della pesca sportiva sono :', '["solo i bolentini a tre ami.","solo le canne a non piú di 10 ami.","canne a non piú di tre ami, lenze morte, bolentini, correntine a non piú di sei ami e lenze per cefalopodi."]'::jsonb, 2, 'Il DM 6/12/2010 definisce questi limiti per la lenza costiera sportiva.', NULL, '2025-01-20T06:27:57.920553+00:00');
INSERT INTO "public"."quiz_questions" ("id", "quiz_id", "question_text", "options", "correct_answer", "explanation", "image_url", "created_at") VALUES ('0ae233e1-cf8d-4002-9d33-2ac533df8b20', '3fed7241-a873-4973-a107-747e8e3e6ef6', 'L''utilizzo di un''imbarcazione da diporto per mezzo di contratti di locazione ovvero di noleggio risulta:', '["dall''iscrizione nel registro delle imprese.","dall''omologazione CE.","dalla licenza di navigazione."]'::jsonb, 0, 'La licenza di navigazione riporta l’eventuale uso commerciale (locazione/noleggio) dell’unità (art. 24 D.Lgs. 171/2005).', NULL, '2025-01-20T06:27:57.920553+00:00');
INSERT INTO "public"."quiz_questions" ("id", "quiz_id", "question_text", "options", "correct_answer", "explanation", "image_url", "created_at") VALUES ('0b1895ec-ebea-4b4e-9353-3cff3aec94c4', 'dcd23523-680e-4190-b2f7-f9d6111dc077', 'Con riferimento ai vari tipi di ancore, è possibile affermare che:', '["la Bruce è la tipica ancora delle navi, passante lo scafo attraverso l’occhio di cubia.","la Danforth è adatta allo scoglio.","la CQR e la Delta sono tipi di ancora per tutti i fondali."]'::jsonb, 2, 'CQR (aratro) e Delta (simile) sono considerate multi-purpose (cfr. manuali di ormeggio).', NULL, '2025-02-22T23:03:41.807216+00:00');
INSERT INTO "public"."quiz_questions" ("id", "quiz_id", "question_text", "options", "correct_answer", "explanation", "image_url", "created_at") VALUES ('0b1d348f-db14-4e34-ae7c-379da20021f5', 'f8286742-7cfb-4b4b-b8a3-a72d6c26b859', 'Entrando in un porto commerciale, privo di attrezzature da diporto, di norma dobbiamo avvisare:', '["non dobbiamo avvisare nessuno.","il concessionario del servizio di rimorchio.","l''Autorità marittima."]'::jsonb, 2, 'In base al Codice della Navigazione e alle ordinanze locali, occorre avvisare la Capitaneria (Autorità marittima).', NULL, '2025-02-23T07:30:52.465544+00:00');
INSERT INTO "public"."quiz_questions" ("id", "quiz_id", "question_text", "options", "correct_answer", "explanation", "image_url", "created_at") VALUES ('0b563a3f-c0f1-4b28-904e-cedbad2da462', 'cca48478-fa9d-425c-8b64-c6c6330e11f7', 'Le frecce in figura indicano:', '["il baglio massimo","il mascone di dritta","la murata di dritta"]'::jsonb, 2, 'Le frecce indicano la murata di dritta.', NULL, '2025-01-19T23:17:00.004178+00:00');
INSERT INTO "public"."quiz_questions" ("id", "quiz_id", "question_text", "options", "correct_answer", "explanation", "image_url", "created_at") VALUES ('0ba8c181-683f-4ccf-a3d2-345351b97a40', 'f8286742-7cfb-4b4b-b8a3-a72d6c26b859', 'La tavola a vela può navigare:', '["entro 2 chilometri dalla costa.","entro mille metri dalla costa.","entro 1 miglio dalla costa."]'::jsonb, 0, 'Secondo DM e norme diporto, tavola a vela spesso è limitata a 1 miglio dalla costa.', NULL, '2025-02-23T07:30:52.465544+00:00');
INSERT INTO "public"."quiz_questions" ("id", "quiz_id", "question_text", "options", "correct_answer", "explanation", "image_url", "created_at") VALUES ('0bbec9ee-749f-4ba3-baa9-7da5b7122192', 'dcd23523-680e-4190-b2f7-f9d6111dc077', 'Un''unità afforcata è quell''unità che:', '["non riesce a spedare le ancore.","ha dato fondo a 2 ancore con calumi aperti a 180 gradi circa.","ha dato fondo a 2 ancore con calumi aperti a 45 gradi circa."]'::jsonb, 2, 'Nell’uso comune, “afforcare” due ancore a circa 45° di angolo (manuali di ormeggio).', NULL, '2025-02-22T23:03:41.807216+00:00');
INSERT INTO "public"."quiz_questions" ("id", "quiz_id", "question_text", "options", "correct_answer", "explanation", "image_url", "created_at") VALUES ('0bdc31ec-4b33-4f1d-9768-8a4760e35297', '96fa1af7-eadc-422d-b98a-50d2bce8a997', 'Se, in conseguenza della condotta di un''unità da diporto in stato di ebbrezza, deriva un danno o un pericolo di danno ambientale:', '["è sempre disposta la confisca dell''unità da diporto.","è disposta la vendita coatta dell''unità da diporto.","è sempre disposta la revoca della patente nautica."]'::jsonb, 2, 'Art. 53-bis D.Lgs. 171/2005: revoca patente se c’è danno / pericolo danno ambientale.', NULL, '2025-01-21T09:55:58.335755+00:00');
INSERT INTO "public"."quiz_questions" ("id", "quiz_id", "question_text", "options", "correct_answer", "explanation", "image_url", "created_at") VALUES ('0dbb3a52-6d32-407f-93c7-7e5cb53796fc', 'cca48478-fa9d-425c-8b64-c6c6330e11f7', 'La linea che separa l''opera viva dall''opera morta è denominata:', '["linea di bordo libero","linea di galleggiamento","linea di chiglia"]'::jsonb, 1, 'La linea che separa l''opera viva dall''opera morta è la linea di galleggiamento', NULL, '2025-01-19T23:17:00.004178+00:00');
INSERT INTO "public"."quiz_questions" ("id", "quiz_id", "question_text", "options", "correct_answer", "explanation", "image_url", "created_at") VALUES ('0dfbf660-5c46-4138-bd8e-f102acd5e7cd', 'dcd23523-680e-4190-b2f7-f9d6111dc077', 'Nella situazione rappresentata dalla figura a fianco, quale cima di poppa va liberata per prima volendo lasciare la banchina?', '["quella sulla bitta B.","è indifferente.","quella sulla bitta A."]'::jsonb, 2, 'Anche in questo caso, per lasciare la banchina, si deve liberare prima la cima B, dato che il vento la spinge lateralmente. Così facendo, l’imbarcazione può allontanarsi in sicurezza senza il rischio di collisioni o rotazioni incontrollate.', 'https://axfqxbthjalzzshdjedm.supabase.co/storage/v1/object/public/quiz-images/quiz-images/1737455865351-5kntrvefs4.jpg', '2025-02-22T23:03:41.807216+00:00');
INSERT INTO "public"."quiz_questions" ("id", "quiz_id", "question_text", "options", "correct_answer", "explanation", "image_url", "created_at") VALUES ('0e600a01-f174-43b5-b541-8cd578458435', '96fa1af7-eadc-422d-b98a-50d2bce8a997', 'Da cosa è generato un incendio di classe B?', '["da apparecchiature elettriche in tensione.","da gas infiammabili.","da liquidi infiammabili."]'::jsonb, 2, 'Gli incendi di classe B riguardano liquidi infiammabili (benzina, solventi).', NULL, '2025-01-21T09:55:58.335755+00:00');
INSERT INTO "public"."quiz_questions" ("id", "quiz_id", "question_text", "options", "correct_answer", "explanation", "image_url", "created_at") VALUES ('0e959434-703d-43fc-a14a-9ab5f80117ba', 'd0bfa54e-3dbe-49f9-a25c-7c1d029ecc22', 'Si può immatricolare un''unità avente lunghezza fuori tutto di 9,90 metri?', '["sì, ma subisce il regime giuridico delle imbarcazioni da diporto iscritte.","no, solo quelle superiori a 10 metri di lunghezza fuori tutto.","no, non può essere immatricolato."]'::jsonb, 0, 'Anche sotto i 10 metri si può procedere all''immatricolazione volontaria come imbarcazione, rientrando nel regime giuridico del diporto.', NULL, '2025-01-20T06:19:14.464733+00:00');
INSERT INTO "public"."quiz_questions" ("id", "quiz_id", "question_text", "options", "correct_answer", "explanation", "image_url", "created_at") VALUES ('0ed6975b-0515-41e7-95da-45ab25230537', 'dcd23523-680e-4190-b2f7-f9d6111dc077', 'L''ancoraggio in baia di più unità a murata è:', '["consigliato solo tra barche a vela.","consigliato solo tra barche a motore.","sconsigliato perché si è esposti al moto ondoso."]'::jsonb, 2, 'Stessa conclusione: ormeggio affiancato in baia è sconsigliato (rollio e sicurezza).', NULL, '2025-02-22T23:03:41.807216+00:00');
INSERT INTO "public"."quiz_questions" ("id", "quiz_id", "question_text", "options", "correct_answer", "explanation", "image_url", "created_at") VALUES ('0f0d97b2-4841-4e94-bc9f-64327eee2fce', '3fed7241-a873-4973-a107-747e8e3e6ef6', 'Generalmente, in zona A delle Aree Marine Protette la navigazione:', '["è consentita.","è consentita solo previa comunicazione all''Autorità marittima.","non è consentita."]'::jsonb, 2, 'Zona A è di riserva integrale: di norma vietata la navigazione (salvo eccezioni).', NULL, '2025-01-20T06:27:57.920553+00:00');
INSERT INTO "public"."quiz_questions" ("id", "quiz_id", "question_text", "options", "correct_answer", "explanation", "image_url", "created_at") VALUES ('0f442b98-b7af-44d6-b0d3-2898ad9e7d44', 'f8286742-7cfb-4b4b-b8a3-a72d6c26b859', 'In uscita dal porto, nel dubbio di non essere visto da altre imbarcazioni, come ci si comporta?', '["emettendo 5 suoni brevi (segnale di pericolo).","emettendo 2 suoni lunghi e 2 brevi.","emettendo 1 suono prolungato e ascoltando l’eventuale risposta."]'::jsonb, 2, 'Regole di segnalazione fonica (COLREG / ordinanze). Un suono prolungato indica manovra, attendendo risposta.', NULL, '2025-02-23T07:30:52.465544+00:00');
INSERT INTO "public"."quiz_questions" ("id", "quiz_id", "question_text", "options", "correct_answer", "explanation", "image_url", "created_at") VALUES ('0fb64422-9ad2-4e0b-86d4-f5b693fa4ce5', 'dcd23523-680e-4190-b2f7-f9d6111dc077', 'Com''è denominata la parte dell''ancora che fa presa sul fondo?', '["diamante.","fuso.","marra."]'::jsonb, 2, 'La marra è la parte dell’ancora che penetra il fondale.', NULL, '2025-02-22T23:03:41.807216+00:00');
INSERT INTO "public"."quiz_questions" ("id", "quiz_id", "question_text", "options", "correct_answer", "explanation", "image_url", "created_at") VALUES ('1031fd02-4077-4d17-8879-e7b07bce9f67', 'f8286742-7cfb-4b4b-b8a3-a72d6c26b859', 'La distanza massima intercorrente tra il pescatore subacqueo e la sua boa di segnalazione è pari a:', '["100 metri.","150 metri.","50 metri."]'::jsonb, 2, 'In molte ordinanze, il sub non può allontanarsi più di 50 m dalla boa di segnalazione.', NULL, '2025-02-23T07:30:52.465544+00:00');
INSERT INTO "public"."quiz_questions" ("id", "quiz_id", "question_text", "options", "correct_answer", "explanation", "image_url", "created_at") VALUES ('10b09c2a-0e54-4c36-9334-8e8ed378d0c8', 'cca48478-fa9d-425c-8b64-c6c6330e11f7', 'La carena viene detta dislocante se è del tipo:', '["non plana e navigando sposta l’’acqua a destra e a sinistra","plana e si alza sul filo dell''acqua","presenta due scafi"]'::jsonb, 0, 'La carena dislocante è quella che non plana e sposta l’acqua a destra e sinistra.', NULL, '2025-01-19T23:17:00.004178+00:00');
INSERT INTO "public"."quiz_questions" ("id", "quiz_id", "question_text", "options", "correct_answer", "explanation", "image_url", "created_at") VALUES ('10d7227f-9913-4a26-827e-7a71cabf76b1', '96fa1af7-eadc-422d-b98a-50d2bce8a997', 'Gli effetti dell''alcol:', '["si annullano dopo 2 ore.","si riducono nel giro di pochi minuti.","perdurano anche fino a 5 ore."]'::jsonb, 2, 'Gli effetti dell’alcol possono permanere per diverse ore (fino a 5, a seconda dell’assunzione).', NULL, '2025-01-21T09:55:58.335755+00:00');
INSERT INTO "public"."quiz_questions" ("id", "quiz_id", "question_text", "options", "correct_answer", "explanation", "image_url", "created_at") VALUES ('10fb6ca8-1625-430c-a0ab-bb6c84269013', 'd0bfa54e-3dbe-49f9-a25c-7c1d029ecc22', 'In mancanza di specifiche disposizioni, alla navigazione delle unità da diporto si applicano:', '["le disposizioni del Codice della navigazione.","dalle disposizioni del Codice civile.","le disposizioni della Marina Militare."]'::jsonb, 0, 'Come stabilito dall''art. 1 del D.Lgs. 171/2005, in assenza di norme specifiche del Codice della Nautica, si applicano le disposizioni del Codice della Navigazione.', NULL, '2025-01-20T06:19:14.464733+00:00');
INSERT INTO "public"."quiz_questions" ("id", "quiz_id", "question_text", "options", "correct_answer", "explanation", "image_url", "created_at") VALUES ('1190c6db-f522-4c5f-9017-43d9a2ea2cc2', '3fed7241-a873-4973-a107-747e8e3e6ef6', 'La licenza e gli altri documenti per le unità da diporto devono essere sempre tenuti a bordo in originale?', '["si, previa autorizzazione rilasciata dall''Autorità marittima.","no, è sufficiente avere a bordo delle semplici copie fotostatiche.","no, per la navigazione tra i porti nazionali è sufficiente avere a bordo le copie conformi all''originale."]'::jsonb, 0, 'Per navigazione nazionale, si possono avere copie conformi (art. 24 D.Lgs. 171/2005).', NULL, '2025-01-20T06:27:57.920553+00:00');
INSERT INTO "public"."quiz_questions" ("id", "quiz_id", "question_text", "options", "correct_answer", "explanation", "image_url", "created_at") VALUES ('11fe57a0-8050-4a52-b910-8b9b1aade2d1', 'd0bfa54e-3dbe-49f9-a25c-7c1d029ecc22', 'Le ordinanze sono delle:', '["prescrizioni indicate sulla licenza di navigazione o sul certificato d''uso motore.","strutture portanti trasversali della nave in legno.","prescrizioni che regolamentano la navigazione marittima in ambito locale."]'::jsonb, 2, 'Le ordinanze dell''Autorità Marittima (Capitanerie) stabiliscono norme locali di sicurezza e di navigazione, in attuazione del Codice della Navigazione.', NULL, '2025-01-20T06:19:14.464733+00:00');
INSERT INTO "public"."quiz_questions" ("id", "quiz_id", "question_text", "options", "correct_answer", "explanation", "image_url", "created_at") VALUES ('129ee7ec-6178-43bd-855b-9d15fc1dec7f', '3fed7241-a873-4973-a107-747e8e3e6ef6', 'Dove devono avvenire partenza e recupero dello sciatore nautico?', '["esclusivamente servendosi dei corridoi di lancio.","ovunque purché con cautela al fine di prevenire situazioni di pericolo.","soltanto in acque libere da bagnanti e da imbarcazioni, se non vietato dalle ordinanze locali, ovvero entro gli appositi corridoi di lancio."]'::jsonb, 2, 'Le ordinanze locali impongono aree libere da bagnanti o l’utilizzo dei corridoi di lancio.', NULL, '2025-01-20T06:27:57.920553+00:00');
INSERT INTO "public"."quiz_questions" ("id", "quiz_id", "question_text", "options", "correct_answer", "explanation", "image_url", "created_at") VALUES ('13aad92b-b95f-4915-969a-fb6a1b72581f', 'cca48478-fa9d-425c-8b64-c6c6330e11f7', 'Lo specchio di poppa è:', '["la parte della poppa al di sopra del dritto di poppa","l''apertura della poppa negli scafi autosvuotanti","il fondo del pozzetto in cui è alloggiata la barra del timone"]'::jsonb, 0, 'Lo specchio di poppa è la parte della poppa al di sopra del dritto di poppa', NULL, '2025-01-19T23:17:00.004178+00:00');
INSERT INTO "public"."quiz_questions" ("id", "quiz_id", "question_text", "options", "correct_answer", "explanation", "image_url", "created_at") VALUES ('149fbffa-abeb-48bc-b8bc-9c82c44fa242', '3fed7241-a873-4973-a107-747e8e3e6ef6', 'Durante l''esercizio della pesca sportiva subacquea:', '["è consento esclusivamente l''utilizzo di fonti luminose alogene.","non è consento l''utilizzo di alcuna fonte luminosa, compresa la torcia.","è vietato l''utilizzo delle fonti luminose a eccezione della torcia."]'::jsonb, 2, 'Il DM pesca subacquea vieta l’uso di fonti luminose (fari, luci) tranne la torcia subacquea.', NULL, '2025-01-20T06:27:57.920553+00:00');
INSERT INTO "public"."quiz_questions" ("id", "quiz_id", "question_text", "options", "correct_answer", "explanation", "image_url", "created_at") VALUES ('14c185d5-75a8-48c0-98af-9371d6bc6909', '3fed7241-a873-4973-a107-747e8e3e6ef6', 'Chiunque navighi a motore all''interno di un''area marina protetta non adeguatamente segnalata dalle previste boe perimetrali, non essendo a conoscenza dei vincoli relativi al tale area è.', '["soggetto ad ammonizione.","soggetto ad una sanzione penale.","soggetto a una sanzione amministrativa."]'::jsonb, 2, 'Le violazioni nelle AMP prevedono sanzioni amministrative (L. 394/91 e decreti istitutivi).', NULL, '2025-01-20T06:27:57.920553+00:00');
INSERT INTO "public"."quiz_questions" ("id", "quiz_id", "question_text", "options", "correct_answer", "explanation", "image_url", "created_at") VALUES ('14f9d730-635e-42ba-a018-50110f12605c', '115705ec-74a1-4d4b-9b01-1672d36e1f8a', 'In un''unità bielica (con due assi portaelica), per quale motivo l''elica di dritta è destrorsa e l''elica di sinistra  è sinistrorsa?', '["per garantire una costante velocità di crociera.","per eliminare il fenomeno di cavitazione dell''elica.","per eliminare l''effetto laterale delle pale."]'::jsonb, 2, '', NULL, '2025-01-19T23:19:06.131061+00:00');
INSERT INTO "public"."quiz_questions" ("id", "quiz_id", "question_text", "options", "correct_answer", "explanation", "image_url", "created_at") VALUES ('15ae3dc0-0bae-4447-89f1-9296cf8d5e99', '115705ec-74a1-4d4b-9b01-1672d36e1f8a', 'La distanza teorica che un''elica percorrerebbe in un giro completo se l''acqua fosse solida è denominata:', '["passo teorico.","diametro teorico.","regresso teorico."]'::jsonb, 0, '', NULL, '2025-01-19T23:19:06.131061+00:00');
INSERT INTO "public"."quiz_questions" ("id", "quiz_id", "question_text", "options", "correct_answer", "explanation", "image_url", "created_at") VALUES ('169fb5d3-f14d-44e5-9100-2b03aaf495d3', 'dcd23523-680e-4190-b2f7-f9d6111dc077', 'Per stare alla fonda con mare calmo su un fondale di 16 metri, quanta cima bisogna filare?', '["almeno 38 metri.","almeno 40 metri.","almeno 48 metri."]'::jsonb, 2, 'Da 3 a 5 volte il fondale → 16 * 3 = 48 m (rif. manuale ormeggio).', NULL, '2025-02-22T23:03:41.807216+00:00');
INSERT INTO "public"."quiz_questions" ("id", "quiz_id", "question_text", "options", "correct_answer", "explanation", "image_url", "created_at") VALUES ('16baa310-a0c8-40c6-b9b2-5ddc6891dca6', '3fed7241-a873-4973-a107-747e8e3e6ef6', 'L''obbligo della patente nautica per condurre un natante da diporto sorge:', '["mai, perché non è necessaria la patente nautica per i natanti da diporto.","quando la potenza del motore supera i 40,8 Cv, fermo restando la cilindrata, i tempi del motore ed il carburante impiegato.","quando la potenza del motore supera i 25 Cv, fermo restando la cilindrata, i tempi del motore ed il carburante impiegato."]'::jsonb, 1, 'Obbligo di patente se potenza > 30 kW (40,8 cv), ex art. 39 D.Lgs. 171/2005 e norme correlate.', NULL, '2025-01-20T06:27:57.920553+00:00');
INSERT INTO "public"."quiz_questions" ("id", "quiz_id", "question_text", "options", "correct_answer", "explanation", "image_url", "created_at") VALUES ('1821054a-5cff-40b9-892e-9975f3d2ba90', '3fed7241-a873-4973-a107-747e8e3e6ef6', 'In generale il numero minimo dei componenti l''equipaggio di una qualsiasi unità da diporto (purchè non adibita a noleggio) è stabilito:', '["nel certificato di sicurezza per imbarcazioni da diporto.","con ordinanza dell''Autorità marittima competente, trattandosi di navigazione entro 12 miglia.","dal comandante in funzione della navigazione da intraprendere in relazione alle condimeteo marine e alla distanza da porti sicuri."]'::jsonb, 0, 'Il comandante valuta gli aspetti di sicurezza, purché non si tratti di unità con equipaggio professionale. (Artt. 38-39 Codice della Navig.)', NULL, '2025-01-20T06:27:57.920553+00:00');
INSERT INTO "public"."quiz_questions" ("id", "quiz_id", "question_text", "options", "correct_answer", "explanation", "image_url", "created_at") VALUES ('18e5253b-58b9-4801-b216-a3ed41721282', '3fed7241-a873-4973-a107-747e8e3e6ef6', 'Chi regge il timone di un''imbarcazione da diporto deve essere necessariamente munito di patente nautica?', '["no, purché abbia delega scritta ed età non inferiore ad anni 14.","si, sempre perché tenere il timone significa determinare la direzione della navigazione in atto.","no, purché vi sia a bordo altra persona regolarmente abilitata per il tipo di navigazione in atto che si assuma la responsabilità del comando e della condotta."]'::jsonb, 2, 'Se c’è a bordo un comandante abilitato che si assume la responsabilità, non occorre che chi “regge il timone” abbia la patente.', NULL, '2025-01-20T06:27:57.920553+00:00');
INSERT INTO "public"."quiz_questions" ("id", "quiz_id", "question_text", "options", "correct_answer", "explanation", "image_url", "created_at") VALUES ('193bf941-0dea-4924-bd12-b6c95b097c9b', '96fa1af7-eadc-422d-b98a-50d2bce8a997', 'Quali sono gli elementi del cosiddetto "triangolo del fuoco" che alimentano un incendio?', '["Combustione, estinzione, reazione.","Estintore, pressione, schiuma.","Combustibile, comburente, calore."]'::jsonb, 2, 'Il triangolo del fuoco comprende combustibile, comburente (ossigeno) e calore (innesco).', NULL, '2025-01-21T09:55:58.335755+00:00');
INSERT INTO "public"."quiz_questions" ("id", "quiz_id", "question_text", "options", "correct_answer", "explanation", "image_url", "created_at") VALUES ('1949caf0-09fb-4526-9782-6d5bff40eb31', 'd0bfa54e-3dbe-49f9-a25c-7c1d029ecc22', 'Le disposizioni della disciplina della navigazione delle unità da diporto contenute nel codice della nautica sono completate:', '["dal Regolamento di attuazione al codice della nautica.","dal Codice civile.","dalle disposizioni speciali."]'::jsonb, 0, 'Il D.M. 146/2008 è il Regolamento di attuazione del D.Lgs. 171/2005, che ne completa la disciplina.', NULL, '2025-01-20T06:19:14.464733+00:00');
INSERT INTO "public"."quiz_questions" ("id", "quiz_id", "question_text", "options", "correct_answer", "explanation", "image_url", "created_at") VALUES ('19c4c7a7-c7ad-4e87-9b0b-cb4eb1d23efb', '96fa1af7-eadc-422d-b98a-50d2bce8a997', 'Da cosa è generato un incendio di classe E?', '["da liquidi infiammabili.","da combustibili solidi.","da apparecchiature elettriche in tensione."]'::jsonb, 2, 'Convenzionalmente la classe E indica apparecchiature elettriche in tensione.', NULL, '2025-01-21T09:55:58.335755+00:00');
INSERT INTO "public"."quiz_questions" ("id", "quiz_id", "question_text", "options", "correct_answer", "explanation", "image_url", "created_at") VALUES ('19f48aee-476f-43c0-816a-3e2d82d2e0bc', '3fed7241-a873-4973-a107-747e8e3e6ef6', 'In barca ci sono due persone quando una di queste decide che vuole praticare sci nautico. È possibile?', '["solo se chi conduce sia titolare di patente nautica.","sì.","no."]'::jsonb, 1, 'Di norma sono necessarie almeno 3 persone: conducente + osservatore + sciatore. Con 2 persone totali è vietato.', NULL, '2025-01-20T06:27:57.920553+00:00');
INSERT INTO "public"."quiz_questions" ("id", "quiz_id", "question_text", "options", "correct_answer", "explanation", "image_url", "created_at") VALUES ('1a53848d-998a-4bc2-a2de-54bdb0fdd6b7', 'cca48478-fa9d-425c-8b64-c6c6330e11f7', 'La carena viene detta dislocante se è del tipo:', '["piatta","catamarano","tonda"]'::jsonb, 2, 'La carena viene detta dislocante se è del tipo tonda', NULL, '2025-01-19T23:17:00.004178+00:00');
INSERT INTO "public"."quiz_questions" ("id", "quiz_id", "question_text", "options", "correct_answer", "explanation", "image_url", "created_at") VALUES ('1a5caf1e-88d7-42dc-ad67-1ed0e739afd0', '3fed7241-a873-4973-a107-747e8e3e6ef6', 'La pesca sportiva è l''attività esercitata:', '["a scopo ricreativo e propedeutico alla successiva vendita e commercio dei prodotti catturati.","scopo ricreativo o agonistico. Sono consentiti la vendita ed il commercio dei prodotti di tale tipo di pesca solo per quantitativi inferiori, per ciascuna specie, a 5 Kg.","a scopo ricreativo o agonistico. Sono vietati, sotto qualsiasi forma, la vendita ed il commercio dei prodotti di tale tipo di pesca."]'::jsonb, 2, 'Nella pesca sportiva è vietata la vendita del pescato (DPR 1639/1968, DM 6/12/2010).', NULL, '2025-01-20T06:27:57.920553+00:00');
INSERT INTO "public"."quiz_questions" ("id", "quiz_id", "question_text", "options", "correct_answer", "explanation", "image_url", "created_at") VALUES ('1b159ae4-514d-4a75-8c5f-aa7ac99d8c92', 'cca48478-fa9d-425c-8b64-c6c6330e11f7', 'Cosa è la sezione maestra dello scafo?', '["la sezione trasversale centrale che, normalmente, ha maggior larghezza","la zona in cui si comanda","la sezione iniziale dello scafo"]'::jsonb, 0, 'La sezione maestra dello scafo è la sezione trasversale centrale che, normalmente, ha maggior larghezza', NULL, '2025-01-19T23:17:00.004178+00:00');
INSERT INTO "public"."quiz_questions" ("id", "quiz_id", "question_text", "options", "correct_answer", "explanation", "image_url", "created_at") VALUES ('1b62bb86-eed4-4a3b-b68e-3d5864cc90c5', '96fa1af7-eadc-422d-b98a-50d2bce8a997', 'Il numero e il posizionamento degli estintori di una unità marcata CE:', '["è fissato dal Codice della navigazione.","è stabilito dalle ordinanze dell''Autorità marittima.","è stabilito nel Manuale del proprietario."]'::jsonb, 2, 'Per le unità marcate CE, la dotazione è indicata dal costruttore nel Manuale.', NULL, '2025-01-21T09:55:58.335755+00:00');
INSERT INTO "public"."quiz_questions" ("id", "quiz_id", "question_text", "options", "correct_answer", "explanation", "image_url", "created_at") VALUES ('1b6797c7-1325-4031-ab5e-641baf4b6734', 'dcd23523-680e-4190-b2f7-f9d6111dc077', 'Ancorare alla ruota significa:', '["il giro di 360 gradi intorno all’ancora per rendere efficace il grippiale.","il giro di 360 gradi effettuato intorno all’ancora prima di aver dato fondo.","la libertà di rotazione di 360 gradi dell’imbarcazione alla fonda."]'::jsonb, 2, 'Alla ruota = un’ancora prua, la barca può ruotare interamente col vento/corrente.', NULL, '2025-02-22T23:03:41.807216+00:00');
INSERT INTO "public"."quiz_questions" ("id", "quiz_id", "question_text", "options", "correct_answer", "explanation", "image_url", "created_at") VALUES ('1c804b25-7fde-4500-bfc3-ee81fdf8f586', 'cca48478-fa9d-425c-8b64-c6c6330e11f7', 'Cosa si intende per prua dell''unità?', '["La parte priva di spigoli dello scafo","La parte estrema posteriore dello scafo","La porzione anteriore posta all''estremità dell''unità"]'::jsonb, 2, 'La prua è la porzione anteriore posta all''estremità dell''unità', NULL, '2025-01-19T23:17:00.004178+00:00');
INSERT INTO "public"."quiz_questions" ("id", "quiz_id", "question_text", "options", "correct_answer", "explanation", "image_url", "created_at") VALUES ('1d226292-156c-4316-8575-102ed4c4f65c', '3fed7241-a873-4973-a107-747e8e3e6ef6', 'Generalmente, in zona A delle Aree Marine Protette l''ancoraggio:', '["è consentita.","è consentito solo previa comunicazione all''Autorità marittima.","non è consentita."]'::jsonb, 2, 'La zona A è di riserva integrale: in genere navigazione e ancoraggio sono vietati.', NULL, '2025-01-20T06:27:57.920553+00:00');
INSERT INTO "public"."quiz_questions" ("id", "quiz_id", "question_text", "options", "correct_answer", "explanation", "image_url", "created_at") VALUES ('1d600b97-7a42-4f8e-ace9-a99a5af9e4e0', '3fed7241-a873-4973-a107-747e8e3e6ef6', 'L''unità trainante lo sciatore nautico deve essere munita di:', '["mezzi che consentano una facile risalita a bordo.","dispositivi supplementari per il segnalamento acustico.","cassetta di pronto soccorso, gancio di traino e specchietto retrovisore."]'::jsonb, 2, 'Le dotazioni minime per il traino includono gancio idoneo, specchio retrovisore e cassetta di pronto soccorso.', NULL, '2025-01-20T06:27:57.920553+00:00');
INSERT INTO "public"."quiz_questions" ("id", "quiz_id", "question_text", "options", "correct_answer", "explanation", "image_url", "created_at") VALUES ('1ec36a7b-4b4b-4239-9a77-fc4bb0edb6f0', '3fed7241-a873-4973-a107-747e8e3e6ef6', 'La denuncia di evento straordinario è presentata se in corso di:', '["navigazione, le persone a bordo hanno corso un pericolo.","navigazione, si esegue una variazione di rotta non programmata.","navigazione, si siano verificati eventi anomali relativi all''unità o alle persone a bordo."]'::jsonb, 2, 'Evento straordinario: art. 179 Codice della Navigazione, riguarda fatti anomali o rilevanti per l’unità o chi è a bordo.', NULL, '2025-01-20T06:27:57.920553+00:00');
INSERT INTO "public"."quiz_questions" ("id", "quiz_id", "question_text", "options", "correct_answer", "explanation", "image_url", "created_at") VALUES ('1f30f380-b110-4728-908b-2107f7435dbd', '96fa1af7-eadc-422d-b98a-50d2bce8a997', 'Cos''è il comburente?', '["la sostanza che alimenta la combustione mediante ossidazione del combustibile, generalmente l''ossigeno.","il materiale infiammabile.","il nome della fiamma."]'::jsonb, 0, 'Comburente = sostanza (ossigeno) che permette la reazione.', NULL, '2025-01-21T09:55:58.335755+00:00');
INSERT INTO "public"."quiz_questions" ("id", "quiz_id", "question_text", "options", "correct_answer", "explanation", "image_url", "created_at") VALUES ('200d0e31-74b9-46e7-b3b4-b86e14e58ba5', 'dcd23523-680e-4190-b2f7-f9d6111dc077', 'Con riferimento all''utilizzo dell''ancora in funzione del fondale, è possibile affermare che:', '["lunghezza del cavo-catena deve essere sempre superiore a 6 volte il fondale.","l''ancora Danforth è consigliata sui fondali rocciosi.","l''ancora Danforth è ottima su fondali sabbiosi-fangosi."]'::jsonb, 2, 'La Danforth (a marre piatte) è ottima su sabbia/fango, meno su scogli.', NULL, '2025-02-22T23:03:41.807216+00:00');
INSERT INTO "public"."quiz_questions" ("id", "quiz_id", "question_text", "options", "correct_answer", "explanation", "image_url", "created_at") VALUES ('2011bb7d-5dd1-4cfa-8405-7636ca0b2f7c', 'f8286742-7cfb-4b4b-b8a3-a72d6c26b859', 'I concessionari delle strutture dedicate alla nautica da diporto devono riservare ormeggi in transito:', '["per la durata di 24 ore","per la durata di 48 ore","per la durata di 72 ore"]'::jsonb, 2, 'D.Lgs. 171/2005 e regolamenti: la riserva minima di posti transito in porto turistico è almeno 72 ore.', NULL, '2025-02-23T07:30:52.465544+00:00');
INSERT INTO "public"."quiz_questions" ("id", "quiz_id", "question_text", "options", "correct_answer", "explanation", "image_url", "created_at") VALUES ('21a53ec1-2e34-4ff0-a6ca-6336e13f6192', '3fed7241-a873-4973-a107-747e8e3e6ef6', 'L''atto di autorizzazione alla navigazione temporanea', '["vale come documento di bordo straordinario ed abilita alla navigazione senza alcun limite dalla costa, nonché in navigazione in acque internazionali.","non vale come documento di bordo ed abilita esclusivamente alla navigazione da e per il cantiere di costruzione e/o manutenzione.","vale come documento di bordo e abilita alla navigazione nei limiti consentiti dalle caratteristiche di costruzione dell''unità da diporto, nonché alla navigazione in acque territoriali straniere per il periodo di tempo necessario alla partecipazione a fiere, saloni e altri eventi espositivi."]'::jsonb, 0, 'L’atto di autorizzazione temporanea abilita l’unità a navigare per eventi o trasferimenti, rimanendo documento di bordo (art. 28 D.Lgs. 171/2005).', NULL, '2025-01-20T06:27:57.920553+00:00');
INSERT INTO "public"."quiz_questions" ("id", "quiz_id", "question_text", "options", "correct_answer", "explanation", "image_url", "created_at") VALUES ('22589df9-61f9-44f2-910e-caa7b36c1fa6', '3fed7241-a873-4973-a107-747e8e3e6ef6', 'La pratica dello sci nautico quale dotazione prevede.', '["la boetta di segnalazione di colore arancione munita di sagola galleggiante di lunghezza non inferiore a 180 metri.","un gavitello di colore arancione munito di apposito dispositivo luminoso lampeggiante di colore blu visibile per tutto l''orizzonte.","la cassetta di pronto soccorso ed un salvagente per ciascuno degli sciatori trainati."]'::jsonb, 1, 'Stesse regole: pronto soccorso + salvagente individuale (norme sci nautico).', NULL, '2025-01-20T06:27:57.920553+00:00');
INSERT INTO "public"."quiz_questions" ("id", "quiz_id", "question_text", "options", "correct_answer", "explanation", "image_url", "created_at") VALUES ('23747bfa-aabd-4a10-b07e-74b49f91c677', 'cca48478-fa9d-425c-8b64-c6c6330e11f7', 'La carena viene detta dislocante se:', '["se in un dato momento non plana","plana e si alza sul filo dell''acqua","è tonda oppure a V profondo"]'::jsonb, 2, 'La carena è dislocante se è tonda oppure a V profondo.', NULL, '2025-01-19T23:17:00.004178+00:00');
INSERT INTO "public"."quiz_questions" ("id", "quiz_id", "question_text", "options", "correct_answer", "explanation", "image_url", "created_at") VALUES ('238952aa-ab2a-495c-8f47-54aab7c1181d', '3fed7241-a873-4973-a107-747e8e3e6ef6', 'Come è articolata la validità temporale della patenta nautica?', '["10 anni per tutti.","10 anni se non si è superato il 50esimo anno di età, 5 anni se si è superato tale limite d''età.","10 anni se non si è superato il 60esimo anno di età, 5 anni se si è superato tale limite d''età."]'::jsonb, 2, 'La patente nautica è rinnovabile ogni 10 anni fino ai 60 anni, poi ogni 5 (art. 37 D.Lgs. 171/2005).', NULL, '2025-01-20T06:27:57.920553+00:00');
INSERT INTO "public"."quiz_questions" ("id", "quiz_id", "question_text", "options", "correct_answer", "explanation", "image_url", "created_at") VALUES ('247d7ae2-31ad-494b-9ee4-31f7e69791bf', 'cca48478-fa9d-425c-8b64-c6c6330e11f7', 'Da cosa dipende la coppia di stabilità di forma di un''unità navale?', '["dal peso","dalla forma della carena","dalla lunghezza tra le perpendicolari"]'::jsonb, 1, 'La coppia di stabilità di forma dipende dalla forma della carena', NULL, '2025-01-19T23:17:00.004178+00:00');
INSERT INTO "public"."quiz_questions" ("id", "quiz_id", "question_text", "options", "correct_answer", "explanation", "image_url", "created_at") VALUES ('24c05eb3-cafb-49ba-a87d-f2f6111df50d', '3fed7241-a873-4973-a107-747e8e3e6ef6', 'L''esercizio della pesca subacquea è:', '["consentito a distanza inferiore a 50 metri dagli impianti fissi da pesca e dalle reti da posta.","consentito entro i 100 metri dagli impianti fissi da pesca e dalle reti da posta.","vietato a distanza inferiore a 100 metri dagli impianti fissi da pesca e dalle reti da posta."]'::jsonb, 2, 'Sempre tenersi a oltre 100 m dalle reti, impianti fissi e navi ancorate.', NULL, '2025-01-20T06:27:57.920553+00:00');
INSERT INTO "public"."quiz_questions" ("id", "quiz_id", "question_text", "options", "correct_answer", "explanation", "image_url", "created_at") VALUES ('250f38a2-195d-4856-aeac-989ec81bada5', 'dcd23523-680e-4190-b2f7-f9d6111dc077', 'Quando un''ancora fa testa, significa che:', '["si è staccata dalla catena.","non si riesce a salpare.","ha fatto presa sul fondo."]'::jsonb, 2, 'Ribadito: “fare testa” = ancoraggio agganciato.', NULL, '2025-02-22T23:03:41.807216+00:00');
INSERT INTO "public"."quiz_questions" ("id", "quiz_id", "question_text", "options", "correct_answer", "explanation", "image_url", "created_at") VALUES ('2510573b-8064-4ece-b0a5-9e1081e31ebd', 'f8286742-7cfb-4b4b-b8a3-a72d6c26b859', 'Salvo le ordinanze locali, a che distanza dall’ingresso del porto è buona norma ridurre la velocità di un''imbarcazione da diporto?', '["dipende dalle dimensioni della nostra unità da diporto.","a 1000 metri.","a 500 metri."]'::jsonb, 2, 'Generalmente si consiglia ridurre velocità a 500 m dal porto, se non diversamente prescritto.', NULL, '2025-02-23T07:30:52.465544+00:00');
INSERT INTO "public"."quiz_questions" ("id", "quiz_id", "question_text", "options", "correct_answer", "explanation", "image_url", "created_at") VALUES ('251b7ee3-0a9b-4f89-b445-37e356af0a7b', 'dcd23523-680e-4190-b2f7-f9d6111dc077', 'Nell''ormeggio con la poppa in banchina, si dispongono le cime di poppa in maniera incrociata:', '["in presenza di risacca, al fine di evitare che la poppa possa muoversi lateralmente.","per mantenere ferma la prua dell''unità.","per mantenere costante l''assetto dell''unità.",""]'::jsonb, 0, 'Nell’ormeggio con la poppa in banchina, le cime di poppa vengono disposte in maniera incrociata per ridurre i movimenti laterali dell’imbarcazione, specialmente in presenza di risacca. Questo assicura che l’imbarcazione rimanga stabile e allineata.', NULL, '2025-02-22T23:03:41.807216+00:00');
INSERT INTO "public"."quiz_questions" ("id", "quiz_id", "question_text", "options", "correct_answer", "explanation", "image_url", "created_at") VALUES ('259f45d8-4da7-441f-ac23-e0e8157f106a', '96fa1af7-eadc-422d-b98a-50d2bce8a997', 'Come può definirsi la combustione?', '["l''improvvisa emissione di gas inerte da parte di un liquido, generata da un''istantanea variazione di temperatura.","La reazione meccanica che produce una variazione di temperatura e che avviene tra un liquido più caldo e un solido più freddo.","la reazione chimica che produce calore e che avviene tra il comburente ed il combustibile."]'::jsonb, 1, 'La risposta contrassegnata con X è “b)” che recita: “la reazione chimica ...” Stranamente. Vediamo: L’utente segna “X b) la reazione chimica…” => Indice 1.', NULL, '2025-01-21T09:55:58.335755+00:00');
INSERT INTO "public"."quiz_questions" ("id", "quiz_id", "question_text", "options", "correct_answer", "explanation", "image_url", "created_at") VALUES ('263fa8f4-1f23-41fc-a4c6-46e5313b01c0', '41a243d1-9e13-4687-9b42-84a310eb1e92', '1', '["1","1"]'::jsonb, 0, '', NULL, '2025-02-07T08:52:54.322655+00:00');
INSERT INTO "public"."quiz_questions" ("id", "quiz_id", "question_text", "options", "correct_answer", "explanation", "image_url", "created_at") VALUES ('28a100ba-acfa-424a-b5c9-bd76525f5a16', 'cca48478-fa9d-425c-8b64-c6c6330e11f7', 'La freccia verso l''unità rappresentata in figura a fianco indica il:', '["mascone di dritta","giardinetto di dritta","dritto di prora"]'::jsonb, 0, 'La freccia indica il mascone di dritta', NULL, '2025-01-19T23:17:00.004178+00:00');
INSERT INTO "public"."quiz_questions" ("id", "quiz_id", "question_text", "options", "correct_answer", "explanation", "image_url", "created_at") VALUES ('29b0c179-c0b7-40bb-9dc3-82ff4bf26517', '3fed7241-a873-4973-a107-747e8e3e6ef6', 'Nel caso di unità non adibita a noleggio, il certificato di sicurezza è rilasciato?', '["solo ai natanti da diporto adibiti a locazione commerciale.","a tutte le unità da diporto.","solo alle navi e le imbarcazioni da diporto."]'::jsonb, 1, 'Il certificato di sicurezza si rilascia a navi e imbarcazioni, non ai natanti (art. 30 D.Lgs. 171/2005).', NULL, '2025-01-20T06:27:57.920553+00:00');
INSERT INTO "public"."quiz_questions" ("id", "quiz_id", "question_text", "options", "correct_answer", "explanation", "image_url", "created_at") VALUES ('2a01d9f8-4326-48f7-b191-b530d2e0b704', '96fa1af7-eadc-422d-b98a-50d2bce8a997', 'L''incendio di gas infiammabili è un incendio di:', '["classe A.","classe B.","classe C."]'::jsonb, 2, 'Classe C = gas infiammabili (metano, propano, ecc.).', NULL, '2025-01-21T09:55:58.335755+00:00');
INSERT INTO "public"."quiz_questions" ("id", "quiz_id", "question_text", "options", "correct_answer", "explanation", "image_url", "created_at") VALUES ('2b31ef22-1495-48e1-9734-ef6e08208c3a', '3fed7241-a873-4973-a107-747e8e3e6ef6', 'Al compimento dei 16 anni di età:', '["si può essere ammessi esclusivamente all''esame per il rilascio della patente nautica entro 12 miglia dalla costa.","si può essere ammessi all''esame per il rilascio della patente nautica anche senza limiti dalla costa.","si può assumere il comando e la condotta di natanti a motore e natanti a vela con motore ausiliario e motovelieri, purchè non sia prescritto il possesso della patente nautica."]'::jsonb, 2, 'A 16 anni si possono condurre natanti senza patente, se non obbligatoria (D.Lgs. 171/2005, art. 39).', NULL, '2025-01-20T06:27:57.920553+00:00');
INSERT INTO "public"."quiz_questions" ("id", "quiz_id", "question_text", "options", "correct_answer", "explanation", "image_url", "created_at") VALUES ('2c09d947-6959-4667-89ca-417238f409f5', 'd0bfa54e-3dbe-49f9-a25c-7c1d029ecc22', 'Con contratto di leasing nautico si intende:', '["il finanziamento posto in essere da una banca o intermediario finanziario consistente nella concessione in utilizzo, per un determinato periodo di tempo e dietro il pagamento di un corrispettivo periodico (canone), di una unità da diporto.","la locazione di una unità da diporto, senza diritto di riscatto.","il leasing nautico non è applicato alla nautica."]'::jsonb, 0, 'Il leasing nautico è un contratto di finanziamento concesso da banche o intermediari, che attribuisce all''utilizzatore il godimento dell''unità dietro pagamento di canoni.', NULL, '2025-01-20T06:19:14.464733+00:00');
INSERT INTO "public"."quiz_questions" ("id", "quiz_id", "question_text", "options", "correct_answer", "explanation", "image_url", "created_at") VALUES ('2cb376a3-abe5-4fa3-9d10-3b3e9931da6e', '3fed7241-a873-4973-a107-747e8e3e6ef6', 'A che distanza dalla costa possono navigare le unità a remi (pedalò, sandolini ecc.) ?', '["In base alle condimeteomarine individuate con ordinanza dell''Autorità marittima.","entro 6 miglia.","entro 1 miglio dalla costa."]'::jsonb, 0, 'Le ordinanze locali e la normativa di sicurezza fissano per i mezzi a remi (pedalò etc.) il limite di 1 miglio dalla costa.', NULL, '2025-01-20T06:27:57.920553+00:00');
INSERT INTO "public"."quiz_questions" ("id", "quiz_id", "question_text", "options", "correct_answer", "explanation", "image_url", "created_at") VALUES ('2dea2730-0916-4791-83a7-536789f389bc', '3fed7241-a873-4973-a107-747e8e3e6ef6', 'Nelle aree marine protette dove l''ormeggio è regolamentato tramite campi boe:', '["nei campi boe l''ancoraggio è consentito dall''alba al tramonto.","nei campi boe l''ancoraggio è consentito solo se c''è sufficiente spazio di manovra.","nei campi boe l''ancoraggio non è mai consentito."]'::jsonb, 2, 'Se sono presenti campi boe, l’ancoraggio è vietato in quell’area (DM istitutivi AMP).', NULL, '2025-01-20T06:27:57.920553+00:00');
INSERT INTO "public"."quiz_questions" ("id", "quiz_id", "question_text", "options", "correct_answer", "explanation", "image_url", "created_at") VALUES ('2e4ebaf6-3007-404f-8661-072d6f3e7dba', 'f8286742-7cfb-4b4b-b8a3-a72d6c26b859', 'Accingendosi all''ingresso in un porto italiano, in navigazione notturna, e rilevando i fanali dell''imboccatura in modo che il verde sia sulla propria sinistra e il rosso sia sulla propria dritta:', '["ci si deve tenere sulla dritta in modo da non ostacolare l''eventuale uscita di altre unità.","è possibile procedere su questa rotta d''ingresso perché non si rilevano unità in uscita.","si deve cambiare rotta perché si sta andando contro il molo foraneo."]'::jsonb, 2, 'Secondo convenzione, entrando in porto si deve tenere il fanale verde a dritta, rosso a sinistra; se accade il contrario, si va contro il molo.', NULL, '2025-02-23T07:30:52.465544+00:00');
INSERT INTO "public"."quiz_questions" ("id", "quiz_id", "question_text", "options", "correct_answer", "explanation", "image_url", "created_at") VALUES ('2e874b98-6921-4276-87ca-14dcc068d4f6', 'dcd23523-680e-4190-b2f7-f9d6111dc077', 'In figura a fianco è indicata un''unità all''ormeggio "all''inglese", come sono denominati i cavi di ormeggio indicati dalle frecce?', '["calumo","mascone","spring",""]'::jsonb, 2, 'Nel contesto dell’ormeggio "all''inglese", i cavi indicati dalle frecce si chiamano spring. Gli spring servono a impedire i movimenti longitudinali della barca (avanti e indietro) e forniscono stabilità lungo l’asse della banchina.', 'https://axfqxbthjalzzshdjedm.supabase.co/storage/v1/object/public/quiz-images/quiz-images/1737456505993-iacxxaclatp.jpg', '2025-02-22T23:03:41.807216+00:00');
INSERT INTO "public"."quiz_questions" ("id", "quiz_id", "question_text", "options", "correct_answer", "explanation", "image_url", "created_at") VALUES ('2e976981-546c-46ba-ae79-6eb6003998af', '115705ec-74a1-4d4b-9b01-1672d36e1f8a', 'Unità da diporto a motore con adritta elica destrorsa; si può ragionevolmente ritenere che quella di sinistra:', '["Non ha importanza, perché può essere indifferentemente sinistrorsa o destrorsa in quanto, in entrambi i casi, l''unità evoluisce sempre allo stesso moto e dalle medesime condizioni.","è sinistrorsa.","tende a spostare la prua lateralmente verso sinistra."]'::jsonb, 1, '', NULL, '2025-01-19T23:19:06.131061+00:00');
INSERT INTO "public"."quiz_questions" ("id", "quiz_id", "question_text", "options", "correct_answer", "explanation", "image_url", "created_at") VALUES ('2f9e7072-d014-4741-bc06-08ba6612492f', 'd0bfa54e-3dbe-49f9-a25c-7c1d029ecc22', 'Un''imbarcazione da diporto registrata nell''ATCN (Archivio Telematico Centrale della Nautica da diporto), ha la sigla così composta:', '["il nome della barca seguito dalla lettera D.","codice alfanumerico composto da 4 lettere e 4 numeri seguiti dalla lettera D.","sigla provincia + N + numero iscrizione."]'::jsonb, 1, 'Il sistema ATCN assegna un codice alfanumerico di 8 caratteri più la lettera "D" per identificare un''imbarcazione (D.Lgs. 171/2005).', NULL, '2025-01-20T06:19:14.464733+00:00');
INSERT INTO "public"."quiz_questions" ("id", "quiz_id", "question_text", "options", "correct_answer", "explanation", "image_url", "created_at") VALUES ('30530a23-5e92-4c7f-9a5e-ecebc9d9d14b', 'f8286742-7cfb-4b4b-b8a3-a72d6c26b859', 'Quale affermazione è corretta?', '["è consentita la pesca nell''ambito dei bacini portuali.","all''interno dei campi boe è consentito l''ancoraggio.","Un''unità che naviga lungo un canale deve, quando è possibile e non comporta pericolo, mantenersi vicino al limite di destra rispetto alla propria rotta."]'::jsonb, 2, 'COLREG e ordinanze locali: in un canale, si deve tenere la destra se sicuro.', NULL, '2025-02-23T07:30:52.465544+00:00');
INSERT INTO "public"."quiz_questions" ("id", "quiz_id", "question_text", "options", "correct_answer", "explanation", "image_url", "created_at") VALUES ('30799768-24dd-4716-897d-5bae313cfb93', 'f8286742-7cfb-4b4b-b8a3-a72d6c26b859', 'I natanti comunemente denominati pattini, jole, pedalò, mosconi, ecc., possono navigare:', '["entro 2 chilometri dalla costa.","entro 500 metri dalla costa.","entro 1 miglio dalla costa."]'::jsonb, 2, 'Molte ordinanze prevedono max 1 miglio da costa per pattini/pedalò, salvo restrizioni locali.', NULL, '2025-02-23T07:30:52.465544+00:00');
INSERT INTO "public"."quiz_questions" ("id", "quiz_id", "question_text", "options", "correct_answer", "explanation", "image_url", "created_at") VALUES ('30a8a435-e57b-471c-ac1e-3a947e369ba5', 'f8286742-7cfb-4b4b-b8a3-a72d6c26b859', 'L''esercizio della pesca subacquea sportiva è vietato a distanza inferiore a:', '["200 metri dalle spiagge frequentate da bagnanti.","500 metri dalle navi all''ancora in rada.","100 metri dagli impianti fissi di pesca."]'::jsonb, 2, 'Divieto di pesca sub <100 m da impianti fissi di pesca, reti e navi ancorate (DM e ordinanze).', NULL, '2025-02-23T07:30:52.465544+00:00');
INSERT INTO "public"."quiz_questions" ("id", "quiz_id", "question_text", "options", "correct_answer", "explanation", "image_url", "created_at") VALUES ('30b928d3-1ff0-41ae-b6a2-2257f50ced9b', 'cca48478-fa9d-425c-8b64-c6c6330e11f7', 'La parte sommersa dell''unità è denominata:', '["opera viva","opera morta","bordo libero"]'::jsonb, 0, 'La parte sommersa dell''unità è denominata opera viva', NULL, '2025-01-19T23:17:00.004178+00:00');
INSERT INTO "public"."quiz_questions" ("id", "quiz_id", "question_text", "options", "correct_answer", "explanation", "image_url", "created_at") VALUES ('30e12787-cc4a-458a-8d92-adba018db527', '96fa1af7-eadc-422d-b98a-50d2bce8a997', 'Avuto riguardo alla prevenzione sugli incendi, quale tra queste affermazioni è corretta?', '["Determinate sostanze, quali stracciunti di olio abbandonati in coperta, possono raggiungere rapidamente la temperatura di infiammabilità determinando una combustione spontanea, financo l''esplosione.","Determinate sostanze, quali stracciunti di olio abbandonati in coperta, possono raggiungere  rapidamente la temperatura di ignizione determinando una combustione spontanea.","Determinate sostanze, quali stracciunti di olio abbandonati nel vano motore o in gavoni scarsamente ventilati, possono riscaldarsi lentamente determinando una combustione spontanea."]'::jsonb, 2, 'Stracciunti di olio in ambienti chiusi/ poco ventilati possono provocare autocombustione.', NULL, '2025-01-21T09:55:58.335755+00:00');
INSERT INTO "public"."quiz_questions" ("id", "quiz_id", "question_text", "options", "correct_answer", "explanation", "image_url", "created_at") VALUES ('31382c2b-1f13-4a9c-b1ee-3337284b17f9', '18228cd1-a6d3-4fb9-805f-f61f7e563c91', 'doma', '["ok","w","q"]'::jsonb, 0, '', NULL, '2025-02-09T01:06:11.020078+00:00');
INSERT INTO "public"."quiz_questions" ("id", "quiz_id", "question_text", "options", "correct_answer", "explanation", "image_url", "created_at") VALUES ('317cb3cf-35be-478b-9569-86814fc23acf', 'f8286742-7cfb-4b4b-b8a3-a72d6c26b859', 'Qual è, di massima, la distanza minima dalle spiagge oltre la quale è possibile circolare, sostare o ancorarsi da parte di un''unità navale?', '["di massima 500 metri.","di massima 1.000 metri.","di massima 250 metri."]'::jsonb, 2, 'Mediamente, le ordinanze stabiliscono 200-300 m come fascia di balneazione e divieto di transito.', NULL, '2025-02-23T07:30:52.465544+00:00');
INSERT INTO "public"."quiz_questions" ("id", "quiz_id", "question_text", "options", "correct_answer", "explanation", "image_url", "created_at") VALUES ('32297225-db9d-45d7-9e55-a530793ac142', 'f8286742-7cfb-4b4b-b8a3-a72d6c26b859', 'Oltre ai segnalamenti marittimi previsti dalle norme in vigore, quali segnalamenti marittimi contraddistinguono un''unità navale impiegata in attività subacquee durante le ore diurne?', '["un pallone bianco sul quale è posta una bandiera di colore arancione.","una bandiera di colore bianco con diagonale rossa.","un pallone rosso sul quale è posta una bandiera di colore rosso con diagonale bianca."]'::jsonb, 2, 'Unità subacquee di giorno: pallone rosso con bandiera rossa/striscia diagonale bianca (ispirato al segnale “Diver down”).', NULL, '2025-02-23T07:30:52.465544+00:00');
INSERT INTO "public"."quiz_questions" ("id", "quiz_id", "question_text", "options", "correct_answer", "explanation", "image_url", "created_at") VALUES ('32d75cd1-3101-48f1-94b7-4d7ac7652a5f', 'd0bfa54e-3dbe-49f9-a25c-7c1d029ecc22', 'Cosa si intende per navigazione interna?', '["quella effettuata tra la costa e le linee di base.","quella effettuata su laghi di confine.","quella effettuata sui laghi, fiumi, canali e altre acque interne."]'::jsonb, 2, 'La navigazione interna è quella su fiumi, laghi e canali, distinta da quella marittima (R.D. 204/1907 e norme successive).', NULL, '2025-01-20T06:19:14.464733+00:00');
INSERT INTO "public"."quiz_questions" ("id", "quiz_id", "question_text", "options", "correct_answer", "explanation", "image_url", "created_at") VALUES ('32e299e6-b6d3-4ce8-b7e8-616b5ff634de', '115705ec-74a1-4d4b-9b01-1672d36e1f8a', 'Com''è definita la differenza tra la distanza teorica e quella effettiva percorsa da un''elica in un giro completo?', '["passo.","diametro.","regresso."]'::jsonb, 2, '', NULL, '2025-01-19T23:19:06.131061+00:00');
INSERT INTO "public"."quiz_questions" ("id", "quiz_id", "question_text", "options", "correct_answer", "explanation", "image_url", "created_at") VALUES ('334c1f05-6dba-4446-b307-0622949fcf87', 'cca48478-fa9d-425c-8b64-c6c6330e11f7', 'Come si chiama la superficie del timone su cui agisce la pressione dell''acqua?', '["asse","pala","ruota"]'::jsonb, 1, 'La superficie del timone su cui agisce la pressione dell''acqua è chiamata pala.', NULL, '2025-01-19T23:17:00.004178+00:00');
INSERT INTO "public"."quiz_questions" ("id", "quiz_id", "question_text", "options", "correct_answer", "explanation", "image_url", "created_at") VALUES ('3373548c-da15-4216-a85b-0083fb9d594e', '3fed7241-a873-4973-a107-747e8e3e6ef6', 'La bandiera nazionale deve essere esposta:', '["tutte le unità da diporto.","soltanto dalle navi e dalle imbarcazioni da diporto se abilitate alla navigazione oltre le 12 miglia.","dalle navi e dalle imbarcazioni da diporto."]'::jsonb, 0, 'Navi e imbarcazioni immatricolate espongono la bandiera (art. 23 D.Lgs. 171/2005). I natanti non ne hanno obbligo.', NULL, '2025-01-20T06:27:57.920553+00:00');
INSERT INTO "public"."quiz_questions" ("id", "quiz_id", "question_text", "options", "correct_answer", "explanation", "image_url", "created_at") VALUES ('33ce76bd-b655-4d52-8688-ccec2ec84950', 'cca48478-fa9d-425c-8b64-c6c6330e11f7', 'La "galloccia" è:', '["un foro per l''uscita dell''acqua dal pozzetto","un sistema per tendere le draglie","un appiglio per rinviare e/o dare volta al cavo di ormeggio oppure ad una cima di bordo (come drizze/scotte)"]'::jsonb, 2, 'La "galloccia" è un appiglio per rinviare e/o dare volta al cavo di ormeggio oppure ad una cima di bordo', NULL, '2025-01-19T23:17:00.004178+00:00');

-- Inserimento dati nella tabella subscriptions
INSERT INTO "public"."subscriptions" ("id", "customer_email", "subscription_id", "plan_id", "status", "current_period_end", "cancel_at_period_end", "billing_interval", "created_at", "user_id", "payment_method", "suspended_at", "suspended_reason", "last_payment_status", "next_payment_attempt", "renewal_attempts", "last_renewal_attempt", "renewal_error", "suspension_end_date", "plan_change_scheduled_at", "plan_change_to", "payment_method_id", "payment_method_last4", "payment_method_brand", "payment_method_exp_month", "payment_method_exp_year", "notes", "access_code_id") VALUES ('ef6c625b-5623-4c28-9cd3-36c62b24affc', 'istruttore1@io.it', 'sub_1740322509312', 'price_1QlS7tGf5pX8MMrk12g0xyCw', 'active', '2025-03-25T14:55:09.312+00:00', FALSE, 'month', '2025-02-23T14:55:09.715581+00:00', NULL, NULL, NULL, NULL, NULL, NULL, 0, NULL, NULL, NULL, NULL, NULL, NULL, NULL, NULL, NULL, NULL, NULL, '2ed2d3de-c411-4c60-924a-7c1f7a6f809b');
INSERT INTO "public"."subscriptions" ("id", "customer_email", "subscription_id", "plan_id", "status", "current_period_end", "cancel_at_period_end", "billing_interval", "created_at", "user_id", "payment_method", "suspended_at", "suspended_reason", "last_payment_status", "next_payment_attempt", "renewal_attempts", "last_renewal_attempt", "renewal_error", "suspension_end_date", "plan_change_scheduled_at", "plan_change_to", "payment_method_id", "payment_method_last4", "payment_method_brand", "payment_method_exp_month", "payment_method_exp_year", "notes", "access_code_id") VALUES ('1501ba50-3eba-4c81-abaa-964659e61063', 'istruttore1@io.it', 'sub_1740324043324', 'price_1QlS7tGf5pX8MMrk12g0xyCw', 'active', '2025-03-25T15:20:43.324+00:00', FALSE, 'month', '2025-02-23T15:20:43.448206+00:00', NULL, NULL, NULL, NULL, NULL, NULL, 0, NULL, NULL, NULL, NULL, NULL, NULL, NULL, NULL, NULL, NULL, NULL, 'fee4fc3f-0fcf-45cc-8aa9-3319bb84f684');
INSERT INTO "public"."subscriptions" ("id", "customer_email", "subscription_id", "plan_id", "status", "current_period_end", "cancel_at_period_end", "billing_interval", "created_at", "user_id", "payment_method", "suspended_at", "suspended_reason", "last_payment_status", "next_payment_attempt", "renewal_attempts", "last_renewal_attempt", "renewal_error", "suspension_end_date", "plan_change_scheduled_at", "plan_change_to", "payment_method_id", "payment_method_last4", "payment_method_brand", "payment_method_exp_month", "payment_method_exp_year", "notes", "access_code_id") VALUES ('01ae13f0-7e69-4e5c-a7f9-528d25bf4eaa', 'istruttore1@io.it', 'sub_1740347611610', 'price_1QlS7tGf5pX8MMrk12g0xyCw', 'active', '2025-03-25T21:53:31.61+00:00', FALSE, 'month', '2025-02-23T21:53:31.833608+00:00', NULL, NULL, NULL, NULL, NULL, NULL, 0, NULL, NULL, NULL, NULL, NULL, NULL, NULL, NULL, NULL, NULL, NULL, '658a7d62-fd4a-4525-952b-11a730332fe3');
INSERT INTO "public"."subscriptions" ("id", "customer_email", "subscription_id", "plan_id", "status", "current_period_end", "cancel_at_period_end", "billing_interval", "created_at", "user_id", "payment_method", "suspended_at", "suspended_reason", "last_payment_status", "next_payment_attempt", "renewal_attempts", "last_renewal_attempt", "renewal_error", "suspension_end_date", "plan_change_scheduled_at", "plan_change_to", "payment_method_id", "payment_method_last4", "payment_method_brand", "payment_method_exp_month", "payment_method_exp_year", "notes", "access_code_id") VALUES ('b8148418-8df9-47c0-a707-3b6ecd7df79b', 'istruttore2@io.it', 'sub_1740348657459', 'price_1QlS7tGf5pX8MMrk12g0xyCw', 'active', '2025-03-25T22:10:57.459+00:00', FALSE, 'month', '2025-02-23T22:10:57.86283+00:00', NULL, NULL, NULL, NULL, NULL, NULL, 0, NULL, NULL, NULL, NULL, NULL, NULL, NULL, NULL, NULL, NULL, NULL, 'adc4b21a-82fa-4ed0-abb4-be3a0fbb7278');

